Category,Accuracy Score
status,0.9896377422072452
violence,0.682055602358888
genocide,0.8245998315080034
dehumanize,0.758972198820556
humiliate,0.8482729570345409
